GKZ,name,fl_suv,indicator_code,indicator_name,indicator_desc
01001000,"Flensburg, Stadt",53.5,fl_suv,Anteil der Siedlungs- und Verkehrsfläche an der Gesamtfläche im Jahr 2020 in %,
01002000,"Kiel, Landeshauptstadt",58.78,fl_suv,Anteil der Siedlungs- und Verkehrsfläche an der Gesamtfläche im Jahr 2020 in %,
01003000,"Lübeck, Hansestadt",37.86,fl_suv,Anteil der Siedlungs- und Verkehrsfläche an der Gesamtfläche im Jahr 2020 in %,
01004000,"Neumünster, Stadt",51.81,fl_suv,Anteil der Siedlungs- und Verkehrsfläche an der Gesamtfläche im Jahr 2020 in %,
01051000,Dithmarschen,11.28,fl_suv,Anteil der Siedlungs- und Verkehrsfläche an der Gesamtfläche im Jahr 2020 in %,
01053000,Herzogtum Lauenburg,12.01,fl_suv,Anteil der Siedlungs- und Verkehrsfläche an der Gesamtfläche im Jahr 2020 in %,
01054000,Nordfriesland,11.04,fl_suv,Anteil der Siedlungs- und Verkehrsfläche an der Gesamtfläche im Jahr 2020 in %,
01055000,Ostholstein,12.41,fl_suv,Anteil der Siedlungs- und Verkehrsfläche an der Gesamtfläche im Jahr 2020 in %,
01056000,Pinneberg,22.03,fl_suv,Anteil der Siedlungs- und Verkehrsfläche an der Gesamtfläche im Jahr 2020 in %,
01057000,Plön,9.99,fl_suv,Anteil der Siedlungs- und Verkehrsfläche an der Gesamtfläche im Jahr 2020 in %,
01058000,Rendsburg-Eckernförde,11.51,fl_suv,Anteil der Siedlungs- und Verkehrsfläche an der Gesamtfläche im Jahr 2020 in %,
01059000,Schleswig-Flensburg,11.18,fl_suv,Anteil der Siedlungs- und Verkehrsfläche an der Gesamtfläche im Jahr 2020 in %,
01060000,Segeberg,13.99,fl_suv,Anteil der Siedlungs- und Verkehrsfläche an der Gesamtfläche im Jahr 2020 in %,
01061000,Steinburg,11.46,fl_suv,Anteil der Siedlungs- und Verkehrsfläche an der Gesamtfläche im Jahr 2020 in %,
01062000,Stormarn,18.31,fl_suv,Anteil der Siedlungs- und Verkehrsfläche an der Gesamtfläche im Jahr 2020 in %,
02000000,"Hamburg, Freie und Hansestadt",58.47,fl_suv,Anteil der Siedlungs- und Verkehrsfläche an der Gesamtfläche im Jahr 2020 in %,
03101000,"Braunschweig, Stadt",47.1,fl_suv,Anteil der Siedlungs- und Verkehrsfläche an der Gesamtfläche im Jahr 2020 in %,
03102000,"Salzgitter, Stadt",28.59,fl_suv,Anteil der Siedlungs- und Verkehrsfläche an der Gesamtfläche im Jahr 2020 in %,
03103000,"Wolfsburg, Stadt",31.8,fl_suv,Anteil der Siedlungs- und Verkehrsfläche an der Gesamtfläche im Jahr 2020 in %,
03151000,Gifhorn,11.24,fl_suv,Anteil der Siedlungs- und Verkehrsfläche an der Gesamtfläche im Jahr 2020 in %,
03153000,Goslar,11.14,fl_suv,Anteil der Siedlungs- und Verkehrsfläche an der Gesamtfläche im Jahr 2020 in %,
03154000,Helmstedt,12.47,fl_suv,Anteil der Siedlungs- und Verkehrsfläche an der Gesamtfläche im Jahr 2020 in %,
03155000,Northeim,11.64,fl_suv,Anteil der Siedlungs- und Verkehrsfläche an der Gesamtfläche im Jahr 2020 in %,
03157000,Peine,18.25,fl_suv,Anteil der Siedlungs- und Verkehrsfläche an der Gesamtfläche im Jahr 2020 in %,
03158000,Wolfenbüttel,12.12,fl_suv,Anteil der Siedlungs- und Verkehrsfläche an der Gesamtfläche im Jahr 2020 in %,
03159000,Göttingen,13.8,fl_suv,Anteil der Siedlungs- und Verkehrsfläche an der Gesamtfläche im Jahr 2020 in %,
03241000,Region Hannover,22.53,fl_suv,Anteil der Siedlungs- und Verkehrsfläche an der Gesamtfläche im Jahr 2020 in %,
03251000,Diepholz,12.77,fl_suv,Anteil der Siedlungs- und Verkehrsfläche an der Gesamtfläche im Jahr 2020 in %,
03252000,Hameln-Pyrmont,14.65,fl_suv,Anteil der Siedlungs- und Verkehrsfläche an der Gesamtfläche im Jahr 2020 in %,
03254000,Hildesheim,15.48,fl_suv,Anteil der Siedlungs- und Verkehrsfläche an der Gesamtfläche im Jahr 2020 in %,
03255000,Holzminden,10.68,fl_suv,Anteil der Siedlungs- und Verkehrsfläche an der Gesamtfläche im Jahr 2020 in %,
03256000,Nienburg (Weser),11.46,fl_suv,Anteil der Siedlungs- und Verkehrsfläche an der Gesamtfläche im Jahr 2020 in %,
03257000,Schaumburg,18.17,fl_suv,Anteil der Siedlungs- und Verkehrsfläche an der Gesamtfläche im Jahr 2020 in %,
03351000,Celle,11.99,fl_suv,Anteil der Siedlungs- und Verkehrsfläche an der Gesamtfläche im Jahr 2020 in %,
03352000,Cuxhaven,11.7,fl_suv,Anteil der Siedlungs- und Verkehrsfläche an der Gesamtfläche im Jahr 2020 in %,
03353000,Harburg,17.0,fl_suv,Anteil der Siedlungs- und Verkehrsfläche an der Gesamtfläche im Jahr 2020 in %,
03354000,Lüchow-Dannenberg,8.35,fl_suv,Anteil der Siedlungs- und Verkehrsfläche an der Gesamtfläche im Jahr 2020 in %,
03355000,Lüneburg,11.8,fl_suv,Anteil der Siedlungs- und Verkehrsfläche an der Gesamtfläche im Jahr 2020 in %,
03356000,Osterholz,15.63,fl_suv,Anteil der Siedlungs- und Verkehrsfläche an der Gesamtfläche im Jahr 2020 in %,
03357000,Rotenburg (Wümme),11.17,fl_suv,Anteil der Siedlungs- und Verkehrsfläche an der Gesamtfläche im Jahr 2020 in %,
03358000,Heidekreis,10.72,fl_suv,Anteil der Siedlungs- und Verkehrsfläche an der Gesamtfläche im Jahr 2020 in %,
03359000,Stade,12.76,fl_suv,Anteil der Siedlungs- und Verkehrsfläche an der Gesamtfläche im Jahr 2020 in %,
03360000,Uelzen,8.91,fl_suv,Anteil der Siedlungs- und Verkehrsfläche an der Gesamtfläche im Jahr 2020 in %,
03361000,Verden,15.26,fl_suv,Anteil der Siedlungs- und Verkehrsfläche an der Gesamtfläche im Jahr 2020 in %,
03401000,"Delmenhorst, Stadt",49.53,fl_suv,Anteil der Siedlungs- und Verkehrsfläche an der Gesamtfläche im Jahr 2020 in %,
03402000,"Emden, Stadt",28.35,fl_suv,Anteil der Siedlungs- und Verkehrsfläche an der Gesamtfläche im Jahr 2020 in %,
03403000,"Oldenburg (Oldenburg), Stadt",59.35,fl_suv,Anteil der Siedlungs- und Verkehrsfläche an der Gesamtfläche im Jahr 2020 in %,
03404000,"Osnabrück, Stadt",50.2,fl_suv,Anteil der Siedlungs- und Verkehrsfläche an der Gesamtfläche im Jahr 2020 in %,
03405000,"Wilhelmshaven, Stadt",44.8,fl_suv,Anteil der Siedlungs- und Verkehrsfläche an der Gesamtfläche im Jahr 2020 in %,
03451000,Ammerland,17.6,fl_suv,Anteil der Siedlungs- und Verkehrsfläche an der Gesamtfläche im Jahr 2020 in %,
03452000,Aurich,14.92,fl_suv,Anteil der Siedlungs- und Verkehrsfläche an der Gesamtfläche im Jahr 2020 in %,
03453000,Cloppenburg,14.31,fl_suv,Anteil der Siedlungs- und Verkehrsfläche an der Gesamtfläche im Jahr 2020 in %,
03454000,Emsland,13.81,fl_suv,Anteil der Siedlungs- und Verkehrsfläche an der Gesamtfläche im Jahr 2020 in %,
03455000,Friesland,16.67,fl_suv,Anteil der Siedlungs- und Verkehrsfläche an der Gesamtfläche im Jahr 2020 in %,
03456000,Grafschaft Bentheim,14.85,fl_suv,Anteil der Siedlungs- und Verkehrsfläche an der Gesamtfläche im Jahr 2020 in %,
03457000,Leer,15.28,fl_suv,Anteil der Siedlungs- und Verkehrsfläche an der Gesamtfläche im Jahr 2020 in %,
03458000,Oldenburg,14.43,fl_suv,Anteil der Siedlungs- und Verkehrsfläche an der Gesamtfläche im Jahr 2020 in %,
03459000,Osnabrück,15.1,fl_suv,Anteil der Siedlungs- und Verkehrsfläche an der Gesamtfläche im Jahr 2020 in %,
03460000,Vechta,17.15,fl_suv,Anteil der Siedlungs- und Verkehrsfläche an der Gesamtfläche im Jahr 2020 in %,
03461000,Wesermarsch,12.1,fl_suv,Anteil der Siedlungs- und Verkehrsfläche an der Gesamtfläche im Jahr 2020 in %,
03462000,Wittmund,11.41,fl_suv,Anteil der Siedlungs- und Verkehrsfläche an der Gesamtfläche im Jahr 2020 in %,
04011000,"Bremen, Stadt",59.55,fl_suv,Anteil der Siedlungs- und Verkehrsfläche an der Gesamtfläche im Jahr 2020 in %,
04012000,"Bremerhaven, Stadt",47.23,fl_suv,Anteil der Siedlungs- und Verkehrsfläche an der Gesamtfläche im Jahr 2020 in %,
05111000,"Düsseldorf, Stadt",61.73,fl_suv,Anteil der Siedlungs- und Verkehrsfläche an der Gesamtfläche im Jahr 2020 in %,
05112000,"Duisburg, Stadt",60.92,fl_suv,Anteil der Siedlungs- und Verkehrsfläche an der Gesamtfläche im Jahr 2020 in %,
05113000,"Essen, Stadt",66.15,fl_suv,Anteil der Siedlungs- und Verkehrsfläche an der Gesamtfläche im Jahr 2020 in %,
05114000,"Krefeld, Stadt",56.21,fl_suv,Anteil der Siedlungs- und Verkehrsfläche an der Gesamtfläche im Jahr 2020 in %,
05116000,"Mönchengladbach, Stadt",50.29,fl_suv,Anteil der Siedlungs- und Verkehrsfläche an der Gesamtfläche im Jahr 2020 in %,
05117000,"Mülheim an der Ruhr, Stadt",55.9,fl_suv,Anteil der Siedlungs- und Verkehrsfläche an der Gesamtfläche im Jahr 2020 in %,
05119000,"Oberhausen, Stadt",72.6,fl_suv,Anteil der Siedlungs- und Verkehrsfläche an der Gesamtfläche im Jahr 2020 in %,
05120000,"Remscheid, Stadt",43.52,fl_suv,Anteil der Siedlungs- und Verkehrsfläche an der Gesamtfläche im Jahr 2020 in %,
05122000,"Solingen, Klingenstadt",48.74,fl_suv,Anteil der Siedlungs- und Verkehrsfläche an der Gesamtfläche im Jahr 2020 in %,
05124000,"Wuppertal, Stadt",49.91,fl_suv,Anteil der Siedlungs- und Verkehrsfläche an der Gesamtfläche im Jahr 2020 in %,
05154000,Kleve,17.34,fl_suv,Anteil der Siedlungs- und Verkehrsfläche an der Gesamtfläche im Jahr 2020 in %,
05158000,Mettmann,39.82,fl_suv,Anteil der Siedlungs- und Verkehrsfläche an der Gesamtfläche im Jahr 2020 in %,
05162000,Rhein-Kreis Neuss,31.32,fl_suv,Anteil der Siedlungs- und Verkehrsfläche an der Gesamtfläche im Jahr 2020 in %,
05166000,Viersen,26.49,fl_suv,Anteil der Siedlungs- und Verkehrsfläche an der Gesamtfläche im Jahr 2020 in %,
05170000,Wesel,22.56,fl_suv,Anteil der Siedlungs- und Verkehrsfläche an der Gesamtfläche im Jahr 2020 in %,
05314000,"Bonn, Stadt",52.37,fl_suv,Anteil der Siedlungs- und Verkehrsfläche an der Gesamtfläche im Jahr 2020 in %,
05315000,"Köln, Stadt",60.33,fl_suv,Anteil der Siedlungs- und Verkehrsfläche an der Gesamtfläche im Jahr 2020 in %,
05316000,"Leverkusen, Stadt",57.69,fl_suv,Anteil der Siedlungs- und Verkehrsfläche an der Gesamtfläche im Jahr 2020 in %,
05334000,Städteregion Aachen,27.67,fl_suv,Anteil der Siedlungs- und Verkehrsfläche an der Gesamtfläche im Jahr 2020 in %,
05358000,Düren,16.64,fl_suv,Anteil der Siedlungs- und Verkehrsfläche an der Gesamtfläche im Jahr 2020 in %,
05362000,Rhein-Erft-Kreis,28.3,fl_suv,Anteil der Siedlungs- und Verkehrsfläche an der Gesamtfläche im Jahr 2020 in %,
05366000,Euskirchen,13.58,fl_suv,Anteil der Siedlungs- und Verkehrsfläche an der Gesamtfläche im Jahr 2020 in %,
05370000,Heinsberg,24.29,fl_suv,Anteil der Siedlungs- und Verkehrsfläche an der Gesamtfläche im Jahr 2020 in %,
05374000,Oberbergischer Kreis,20.1,fl_suv,Anteil der Siedlungs- und Verkehrsfläche an der Gesamtfläche im Jahr 2020 in %,
05378000,Rheinisch-Bergischer Kreis,25.85,fl_suv,Anteil der Siedlungs- und Verkehrsfläche an der Gesamtfläche im Jahr 2020 in %,
05382000,Rhein-Sieg-Kreis,24.23,fl_suv,Anteil der Siedlungs- und Verkehrsfläche an der Gesamtfläche im Jahr 2020 in %,
05512000,"Bottrop, Stadt",42.24,fl_suv,Anteil der Siedlungs- und Verkehrsfläche an der Gesamtfläche im Jahr 2020 in %,
05513000,"Gelsenkirchen, Stadt",71.73,fl_suv,Anteil der Siedlungs- und Verkehrsfläche an der Gesamtfläche im Jahr 2020 in %,
05515000,"Münster, Stadt",33.05,fl_suv,Anteil der Siedlungs- und Verkehrsfläche an der Gesamtfläche im Jahr 2020 in %,
05554000,Borken,17.56,fl_suv,Anteil der Siedlungs- und Verkehrsfläche an der Gesamtfläche im Jahr 2020 in %,
05558000,Coesfeld,14.06,fl_suv,Anteil der Siedlungs- und Verkehrsfläche an der Gesamtfläche im Jahr 2020 in %,
05562000,Recklinghausen,33.05,fl_suv,Anteil der Siedlungs- und Verkehrsfläche an der Gesamtfläche im Jahr 2020 in %,
05566000,Steinfurt,17.78,fl_suv,Anteil der Siedlungs- und Verkehrsfläche an der Gesamtfläche im Jahr 2020 in %,
05570000,Warendorf,14.82,fl_suv,Anteil der Siedlungs- und Verkehrsfläche an der Gesamtfläche im Jahr 2020 in %,
05711000,"Bielefeld, Stadt",43.85,fl_suv,Anteil der Siedlungs- und Verkehrsfläche an der Gesamtfläche im Jahr 2020 in %,
05754000,Gütersloh,22.0,fl_suv,Anteil der Siedlungs- und Verkehrsfläche an der Gesamtfläche im Jahr 2020 in %,
05758000,Herford,31.86,fl_suv,Anteil der Siedlungs- und Verkehrsfläche an der Gesamtfläche im Jahr 2020 in %,
05762000,Höxter,11.34,fl_suv,Anteil der Siedlungs- und Verkehrsfläche an der Gesamtfläche im Jahr 2020 in %,
05766000,Lippe,17.51,fl_suv,Anteil der Siedlungs- und Verkehrsfläche an der Gesamtfläche im Jahr 2020 in %,
05770000,Minden-Lübbecke,20.95,fl_suv,Anteil der Siedlungs- und Verkehrsfläche an der Gesamtfläche im Jahr 2020 in %,
05774000,Paderborn,16.05,fl_suv,Anteil der Siedlungs- und Verkehrsfläche an der Gesamtfläche im Jahr 2020 in %,
05911000,"Bochum, Stadt",70.25,fl_suv,Anteil der Siedlungs- und Verkehrsfläche an der Gesamtfläche im Jahr 2020 in %,
05913000,"Dortmund, Stadt",60.08,fl_suv,Anteil der Siedlungs- und Verkehrsfläche an der Gesamtfläche im Jahr 2020 in %,
05914000,"Hagen, Stadt der FernUniversität",35.61,fl_suv,Anteil der Siedlungs- und Verkehrsfläche an der Gesamtfläche im Jahr 2020 in %,
05915000,"Hamm, Stadt",33.44,fl_suv,Anteil der Siedlungs- und Verkehrsfläche an der Gesamtfläche im Jahr 2020 in %,
05916000,"Herne, Stadt",74.13,fl_suv,Anteil der Siedlungs- und Verkehrsfläche an der Gesamtfläche im Jahr 2020 in %,
05954000,Ennepe-Ruhr-Kreis,29.27,fl_suv,Anteil der Siedlungs- und Verkehrsfläche an der Gesamtfläche im Jahr 2020 in %,
05958000,Hochsauerlandkreis,12.64,fl_suv,Anteil der Siedlungs- und Verkehrsfläche an der Gesamtfläche im Jahr 2020 in %,
05962000,Märkischer Kreis,17.08,fl_suv,Anteil der Siedlungs- und Verkehrsfläche an der Gesamtfläche im Jahr 2020 in %,
05966000,Olpe,15.3,fl_suv,Anteil der Siedlungs- und Verkehrsfläche an der Gesamtfläche im Jahr 2020 in %,
05970000,Siegen-Wittgenstein,16.9,fl_suv,Anteil der Siedlungs- und Verkehrsfläche an der Gesamtfläche im Jahr 2020 in %,
05974000,Soest,15.76,fl_suv,Anteil der Siedlungs- und Verkehrsfläche an der Gesamtfläche im Jahr 2020 in %,
05978000,Unna,31.83,fl_suv,Anteil der Siedlungs- und Verkehrsfläche an der Gesamtfläche im Jahr 2020 in %,
06411000,"Darmstadt, Wissenschaftsstadt",35.23,fl_suv,Anteil der Siedlungs- und Verkehrsfläche an der Gesamtfläche im Jahr 2020 in %,
06412000,"Frankfurt am Main, Stadt",58.7,fl_suv,Anteil der Siedlungs- und Verkehrsfläche an der Gesamtfläche im Jahr 2020 in %,
06413000,"Offenbach am Main, Stadt",49.15,fl_suv,Anteil der Siedlungs- und Verkehrsfläche an der Gesamtfläche im Jahr 2020 in %,
06414000,"Wiesbaden, Landeshauptstadt",39.68,fl_suv,Anteil der Siedlungs- und Verkehrsfläche an der Gesamtfläche im Jahr 2020 in %,
06431000,Bergstraße,16.84,fl_suv,Anteil der Siedlungs- und Verkehrsfläche an der Gesamtfläche im Jahr 2020 in %,
06432000,Darmstadt-Dieburg,19.24,fl_suv,Anteil der Siedlungs- und Verkehrsfläche an der Gesamtfläche im Jahr 2020 in %,
06433000,Groß-Gerau,24.1,fl_suv,Anteil der Siedlungs- und Verkehrsfläche an der Gesamtfläche im Jahr 2020 in %,
06434000,Hochtaunuskreis,20.04,fl_suv,Anteil der Siedlungs- und Verkehrsfläche an der Gesamtfläche im Jahr 2020 in %,
06435000,Main-Kinzig-Kreis,16.11,fl_suv,Anteil der Siedlungs- und Verkehrsfläche an der Gesamtfläche im Jahr 2020 in %,
06436000,Main-Taunus-Kreis,32.77,fl_suv,Anteil der Siedlungs- und Verkehrsfläche an der Gesamtfläche im Jahr 2020 in %,
06437000,Odenwaldkreis,10.94,fl_suv,Anteil der Siedlungs- und Verkehrsfläche an der Gesamtfläche im Jahr 2020 in %,
06438000,Offenbach,29.64,fl_suv,Anteil der Siedlungs- und Verkehrsfläche an der Gesamtfläche im Jahr 2020 in %,
06439000,Rheingau-Taunus-Kreis,13.54,fl_suv,Anteil der Siedlungs- und Verkehrsfläche an der Gesamtfläche im Jahr 2020 in %,
06440000,Wetteraukreis,15.94,fl_suv,Anteil der Siedlungs- und Verkehrsfläche an der Gesamtfläche im Jahr 2020 in %,
06531000,Gießen,18.13,fl_suv,Anteil der Siedlungs- und Verkehrsfläche an der Gesamtfläche im Jahr 2020 in %,
06532000,Lahn-Dill-Kreis,16.53,fl_suv,Anteil der Siedlungs- und Verkehrsfläche an der Gesamtfläche im Jahr 2020 in %,
06533000,Limburg-Weilburg,17.43,fl_suv,Anteil der Siedlungs- und Verkehrsfläche an der Gesamtfläche im Jahr 2020 in %,
06534000,Marburg-Biedenkopf,14.09,fl_suv,Anteil der Siedlungs- und Verkehrsfläche an der Gesamtfläche im Jahr 2020 in %,
06535000,Vogelsbergkreis,10.52,fl_suv,Anteil der Siedlungs- und Verkehrsfläche an der Gesamtfläche im Jahr 2020 in %,
06611000,"Kassel, documenta-Stadt",61.51,fl_suv,Anteil der Siedlungs- und Verkehrsfläche an der Gesamtfläche im Jahr 2020 in %,
06631000,Fulda,14.28,fl_suv,Anteil der Siedlungs- und Verkehrsfläche an der Gesamtfläche im Jahr 2020 in %,
06632000,Hersfeld-Rotenburg,12.34,fl_suv,Anteil der Siedlungs- und Verkehrsfläche an der Gesamtfläche im Jahr 2020 in %,
06633000,Kassel,14.39,fl_suv,Anteil der Siedlungs- und Verkehrsfläche an der Gesamtfläche im Jahr 2020 in %,
06634000,Schwalm-Eder-Kreis,12.55,fl_suv,Anteil der Siedlungs- und Verkehrsfläche an der Gesamtfläche im Jahr 2020 in %,
06635000,Waldeck-Frankenberg,10.03,fl_suv,Anteil der Siedlungs- und Verkehrsfläche an der Gesamtfläche im Jahr 2020 in %,
06636000,Werra-Meißner-Kreis,11.57,fl_suv,Anteil der Siedlungs- und Verkehrsfläche an der Gesamtfläche im Jahr 2020 in %,
07111000,"Koblenz, kreisfreie Stadt",37.0,fl_suv,Anteil der Siedlungs- und Verkehrsfläche an der Gesamtfläche im Jahr 2020 in %,
07131000,Ahrweiler,13.77,fl_suv,Anteil der Siedlungs- und Verkehrsfläche an der Gesamtfläche im Jahr 2020 in %,
07132000,Altenkirchen (Westerwald),15.97,fl_suv,Anteil der Siedlungs- und Verkehrsfläche an der Gesamtfläche im Jahr 2020 in %,
07133000,Bad Kreuznach,14.0,fl_suv,Anteil der Siedlungs- und Verkehrsfläche an der Gesamtfläche im Jahr 2020 in %,
07134000,Birkenfeld,11.5,fl_suv,Anteil der Siedlungs- und Verkehrsfläche an der Gesamtfläche im Jahr 2020 in %,
07135000,Cochem-Zell,11.3,fl_suv,Anteil der Siedlungs- und Verkehrsfläche an der Gesamtfläche im Jahr 2020 in %,
07137000,Mayen-Koblenz,17.19,fl_suv,Anteil der Siedlungs- und Verkehrsfläche an der Gesamtfläche im Jahr 2020 in %,
07138000,Neuwied,18.66,fl_suv,Anteil der Siedlungs- und Verkehrsfläche an der Gesamtfläche im Jahr 2020 in %,
07140000,Rhein-Hunsrück-Kreis,12.51,fl_suv,Anteil der Siedlungs- und Verkehrsfläche an der Gesamtfläche im Jahr 2020 in %,
07141000,Rhein-Lahn-Kreis,12.3,fl_suv,Anteil der Siedlungs- und Verkehrsfläche an der Gesamtfläche im Jahr 2020 in %,
07143000,Westerwaldkreis,16.66,fl_suv,Anteil der Siedlungs- und Verkehrsfläche an der Gesamtfläche im Jahr 2020 in %,
07211000,"Trier, kreisfreie Stadt",32.56,fl_suv,Anteil der Siedlungs- und Verkehrsfläche an der Gesamtfläche im Jahr 2020 in %,
07231000,Bernkastel-Wittlich,12.2,fl_suv,Anteil der Siedlungs- und Verkehrsfläche an der Gesamtfläche im Jahr 2020 in %,
07232000,Eifelkreis Bitburg-Prüm,10.61,fl_suv,Anteil der Siedlungs- und Verkehrsfläche an der Gesamtfläche im Jahr 2020 in %,
07233000,Vulkaneifel,11.2,fl_suv,Anteil der Siedlungs- und Verkehrsfläche an der Gesamtfläche im Jahr 2020 in %,
07235000,Trier-Saarburg,13.11,fl_suv,Anteil der Siedlungs- und Verkehrsfläche an der Gesamtfläche im Jahr 2020 in %,
07311000,"Frankenthal (Pfalz), kreisfreie Stadt",37.31,fl_suv,Anteil der Siedlungs- und Verkehrsfläche an der Gesamtfläche im Jahr 2020 in %,
07312000,"Kaiserslautern, kreisfreie Stadt",29.53,fl_suv,Anteil der Siedlungs- und Verkehrsfläche an der Gesamtfläche im Jahr 2020 in %,
07313000,"Landau in der Pfalz, kreisfreie Stadt",24.95,fl_suv,Anteil der Siedlungs- und Verkehrsfläche an der Gesamtfläche im Jahr 2020 in %,
07314000,"Ludwigshafen am Rhein, kreisfreie Stadt",61.15,fl_suv,Anteil der Siedlungs- und Verkehrsfläche an der Gesamtfläche im Jahr 2020 in %,
07315000,"Mainz, kreisfreie Stadt",49.21,fl_suv,Anteil der Siedlungs- und Verkehrsfläche an der Gesamtfläche im Jahr 2020 in %,
07316000,"Neustadt an der Weinstraße, kreisfreie Stadt",20.04,fl_suv,Anteil der Siedlungs- und Verkehrsfläche an der Gesamtfläche im Jahr 2020 in %,
07317000,"Pirmasens, kreisfreie Stadt",31.85,fl_suv,Anteil der Siedlungs- und Verkehrsfläche an der Gesamtfläche im Jahr 2020 in %,
07318000,"Speyer, kreisfreie Stadt",44.86,fl_suv,Anteil der Siedlungs- und Verkehrsfläche an der Gesamtfläche im Jahr 2020 in %,
07319000,"Worms, kreisfreie Stadt",30.38,fl_suv,Anteil der Siedlungs- und Verkehrsfläche an der Gesamtfläche im Jahr 2020 in %,
07320000,"Zweibrücken, kreisfreie Stadt",28.07,fl_suv,Anteil der Siedlungs- und Verkehrsfläche an der Gesamtfläche im Jahr 2020 in %,
07331000,Alzey-Worms,15.54,fl_suv,Anteil der Siedlungs- und Verkehrsfläche an der Gesamtfläche im Jahr 2020 in %,
07332000,Bad Dürkheim,13.42,fl_suv,Anteil der Siedlungs- und Verkehrsfläche an der Gesamtfläche im Jahr 2020 in %,
07333000,Donnersbergkreis,11.47,fl_suv,Anteil der Siedlungs- und Verkehrsfläche an der Gesamtfläche im Jahr 2020 in %,
07334000,Germersheim,16.29,fl_suv,Anteil der Siedlungs- und Verkehrsfläche an der Gesamtfläche im Jahr 2020 in %,
07335000,Kaiserslautern,15.9,fl_suv,Anteil der Siedlungs- und Verkehrsfläche an der Gesamtfläche im Jahr 2020 in %,
07336000,Kusel,12.84,fl_suv,Anteil der Siedlungs- und Verkehrsfläche an der Gesamtfläche im Jahr 2020 in %,
07337000,Südliche Weinstraße,12.86,fl_suv,Anteil der Siedlungs- und Verkehrsfläche an der Gesamtfläche im Jahr 2020 in %,
07338000,Rhein-Pfalz-Kreis,22.69,fl_suv,Anteil der Siedlungs- und Verkehrsfläche an der Gesamtfläche im Jahr 2020 in %,
07339000,Mainz-Bingen,18.83,fl_suv,Anteil der Siedlungs- und Verkehrsfläche an der Gesamtfläche im Jahr 2020 in %,
07340000,Südwestpfalz,10.51,fl_suv,Anteil der Siedlungs- und Verkehrsfläche an der Gesamtfläche im Jahr 2020 in %,
08111000,"Stuttgart, Stadtkreis",51.77,fl_suv,Anteil der Siedlungs- und Verkehrsfläche an der Gesamtfläche im Jahr 2020 in %,
08115000,Böblingen,23.21,fl_suv,Anteil der Siedlungs- und Verkehrsfläche an der Gesamtfläche im Jahr 2020 in %,
08116000,Esslingen,25.06,fl_suv,Anteil der Siedlungs- und Verkehrsfläche an der Gesamtfläche im Jahr 2020 in %,
08117000,Göppingen,16.88,fl_suv,Anteil der Siedlungs- und Verkehrsfläche an der Gesamtfläche im Jahr 2020 in %,
08118000,Ludwigsburg,25.15,fl_suv,Anteil der Siedlungs- und Verkehrsfläche an der Gesamtfläche im Jahr 2020 in %,
08119000,Rems-Murr-Kreis,18.09,fl_suv,Anteil der Siedlungs- und Verkehrsfläche an der Gesamtfläche im Jahr 2020 in %,
08121000,"Heilbronn, Stadtkreis",36.26,fl_suv,Anteil der Siedlungs- und Verkehrsfläche an der Gesamtfläche im Jahr 2020 in %,
08125000,Heilbronn,17.96,fl_suv,Anteil der Siedlungs- und Verkehrsfläche an der Gesamtfläche im Jahr 2020 in %,
08126000,Hohenlohekreis,13.67,fl_suv,Anteil der Siedlungs- und Verkehrsfläche an der Gesamtfläche im Jahr 2020 in %,
08127000,Schwäbisch Hall,12.16,fl_suv,Anteil der Siedlungs- und Verkehrsfläche an der Gesamtfläche im Jahr 2020 in %,
08128000,Main-Tauber-Kreis,11.07,fl_suv,Anteil der Siedlungs- und Verkehrsfläche an der Gesamtfläche im Jahr 2020 in %,
08135000,Heidenheim,13.14,fl_suv,Anteil der Siedlungs- und Verkehrsfläche an der Gesamtfläche im Jahr 2020 in %,
08136000,Ostalbkreis,13.37,fl_suv,Anteil der Siedlungs- und Verkehrsfläche an der Gesamtfläche im Jahr 2020 in %,
08211000,"Baden-Baden, Stadtkreis",14.88,fl_suv,Anteil der Siedlungs- und Verkehrsfläche an der Gesamtfläche im Jahr 2020 in %,
08212000,"Karlsruhe, Stadtkreis",46.8,fl_suv,Anteil der Siedlungs- und Verkehrsfläche an der Gesamtfläche im Jahr 2020 in %,
08215000,Karlsruhe,18.59,fl_suv,Anteil der Siedlungs- und Verkehrsfläche an der Gesamtfläche im Jahr 2020 in %,
08216000,Rastatt,14.54,fl_suv,Anteil der Siedlungs- und Verkehrsfläche an der Gesamtfläche im Jahr 2020 in %,
08221000,"Heidelberg, Stadtkreis",30.58,fl_suv,Anteil der Siedlungs- und Verkehrsfläche an der Gesamtfläche im Jahr 2020 in %,
08222000,"Mannheim, Stadtkreis",58.18,fl_suv,Anteil der Siedlungs- und Verkehrsfläche an der Gesamtfläche im Jahr 2020 in %,
08225000,Neckar-Odenwald-Kreis,11.07,fl_suv,Anteil der Siedlungs- und Verkehrsfläche an der Gesamtfläche im Jahr 2020 in %,
08226000,Rhein-Neckar-Kreis,20.19,fl_suv,Anteil der Siedlungs- und Verkehrsfläche an der Gesamtfläche im Jahr 2020 in %,
08231000,"Pforzheim, Stadtkreis",32.48,fl_suv,Anteil der Siedlungs- und Verkehrsfläche an der Gesamtfläche im Jahr 2020 in %,
08235000,Calw,11.63,fl_suv,Anteil der Siedlungs- und Verkehrsfläche an der Gesamtfläche im Jahr 2020 in %,
08236000,Enzkreis,16.57,fl_suv,Anteil der Siedlungs- und Verkehrsfläche an der Gesamtfläche im Jahr 2020 in %,
08237000,Freudenstadt,9.98,fl_suv,Anteil der Siedlungs- und Verkehrsfläche an der Gesamtfläche im Jahr 2020 in %,
08311000,"Freiburg im Breisgau, Stadtkreis",32.29,fl_suv,Anteil der Siedlungs- und Verkehrsfläche an der Gesamtfläche im Jahr 2020 in %,
08315000,Breisgau-Hochschwarzwald,10.79,fl_suv,Anteil der Siedlungs- und Verkehrsfläche an der Gesamtfläche im Jahr 2020 in %,
08316000,Emmendingen,11.48,fl_suv,Anteil der Siedlungs- und Verkehrsfläche an der Gesamtfläche im Jahr 2020 in %,
08317000,Ortenaukreis,12.2,fl_suv,Anteil der Siedlungs- und Verkehrsfläche an der Gesamtfläche im Jahr 2020 in %,
08325000,Rottweil,13.35,fl_suv,Anteil der Siedlungs- und Verkehrsfläche an der Gesamtfläche im Jahr 2020 in %,
08326000,Schwarzwald-Baar-Kreis,11.84,fl_suv,Anteil der Siedlungs- und Verkehrsfläche an der Gesamtfläche im Jahr 2020 in %,
08327000,Tuttlingen,12.18,fl_suv,Anteil der Siedlungs- und Verkehrsfläche an der Gesamtfläche im Jahr 2020 in %,
08335000,Konstanz,15.96,fl_suv,Anteil der Siedlungs- und Verkehrsfläche an der Gesamtfläche im Jahr 2020 in %,
08336000,Lörrach,13.1,fl_suv,Anteil der Siedlungs- und Verkehrsfläche an der Gesamtfläche im Jahr 2020 in %,
08337000,Waldshut,10.54,fl_suv,Anteil der Siedlungs- und Verkehrsfläche an der Gesamtfläche im Jahr 2020 in %,
08415000,Reutlingen,13.48,fl_suv,Anteil der Siedlungs- und Verkehrsfläche an der Gesamtfläche im Jahr 2020 in %,
08416000,Tübingen,18.44,fl_suv,Anteil der Siedlungs- und Verkehrsfläche an der Gesamtfläche im Jahr 2020 in %,
08417000,Zollernalbkreis,13.85,fl_suv,Anteil der Siedlungs- und Verkehrsfläche an der Gesamtfläche im Jahr 2020 in %,
08421000,"Ulm, Stadtkreis",33.54,fl_suv,Anteil der Siedlungs- und Verkehrsfläche an der Gesamtfläche im Jahr 2020 in %,
08425000,Alb-Donau-Kreis,12.1,fl_suv,Anteil der Siedlungs- und Verkehrsfläche an der Gesamtfläche im Jahr 2020 in %,
08426000,Biberach,12.27,fl_suv,Anteil der Siedlungs- und Verkehrsfläche an der Gesamtfläche im Jahr 2020 in %,
08435000,Bodenseekreis,15.25,fl_suv,Anteil der Siedlungs- und Verkehrsfläche an der Gesamtfläche im Jahr 2020 in %,
08436000,Ravensburg,11.02,fl_suv,Anteil der Siedlungs- und Verkehrsfläche an der Gesamtfläche im Jahr 2020 in %,
08437000,Sigmaringen,10.31,fl_suv,Anteil der Siedlungs- und Verkehrsfläche an der Gesamtfläche im Jahr 2020 in %,
09161000,Ingolstadt,37.02,fl_suv,Anteil der Siedlungs- und Verkehrsfläche an der Gesamtfläche im Jahr 2020 in %,
09162000,"München, Landeshauptstadt",75.37,fl_suv,Anteil der Siedlungs- und Verkehrsfläche an der Gesamtfläche im Jahr 2020 in %,
09163000,Rosenheim,41.91,fl_suv,Anteil der Siedlungs- und Verkehrsfläche an der Gesamtfläche im Jahr 2020 in %,
09171000,Altötting,13.76,fl_suv,Anteil der Siedlungs- und Verkehrsfläche an der Gesamtfläche im Jahr 2020 in %,
09172000,Berchtesgadener Land,7.24,fl_suv,Anteil der Siedlungs- und Verkehrsfläche an der Gesamtfläche im Jahr 2020 in %,
09173000,Bad Tölz-Wolfratshausen,6.82,fl_suv,Anteil der Siedlungs- und Verkehrsfläche an der Gesamtfläche im Jahr 2020 in %,
09174000,Dachau,13.74,fl_suv,Anteil der Siedlungs- und Verkehrsfläche an der Gesamtfläche im Jahr 2020 in %,
09175000,Ebersberg,12.72,fl_suv,Anteil der Siedlungs- und Verkehrsfläche an der Gesamtfläche im Jahr 2020 in %,
09176000,Eichstätt,10.01,fl_suv,Anteil der Siedlungs- und Verkehrsfläche an der Gesamtfläche im Jahr 2020 in %,
09177000,Erding,12.86,fl_suv,Anteil der Siedlungs- und Verkehrsfläche an der Gesamtfläche im Jahr 2020 in %,
09178000,Freising,14.02,fl_suv,Anteil der Siedlungs- und Verkehrsfläche an der Gesamtfläche im Jahr 2020 in %,
09179000,Fürstenfeldbruck,18.94,fl_suv,Anteil der Siedlungs- und Verkehrsfläche an der Gesamtfläche im Jahr 2020 in %,
09180000,Garmisch-Partenkirchen,5.42,fl_suv,Anteil der Siedlungs- und Verkehrsfläche an der Gesamtfläche im Jahr 2020 in %,
09181000,Landsberg am Lech,11.37,fl_suv,Anteil der Siedlungs- und Verkehrsfläche an der Gesamtfläche im Jahr 2020 in %,
09182000,Miesbach,7.79,fl_suv,Anteil der Siedlungs- und Verkehrsfläche an der Gesamtfläche im Jahr 2020 in %,
09183000,Mühldorf a.Inn,11.23,fl_suv,Anteil der Siedlungs- und Verkehrsfläche an der Gesamtfläche im Jahr 2020 in %,
09184000,München,20.94,fl_suv,Anteil der Siedlungs- und Verkehrsfläche an der Gesamtfläche im Jahr 2020 in %,
09185000,Neuburg-Schrobenhausen,12.12,fl_suv,Anteil der Siedlungs- und Verkehrsfläche an der Gesamtfläche im Jahr 2020 in %,
09186000,Pfaffenhofen a.d.Ilm,14.1,fl_suv,Anteil der Siedlungs- und Verkehrsfläche an der Gesamtfläche im Jahr 2020 in %,
09187000,Rosenheim,11.46,fl_suv,Anteil der Siedlungs- und Verkehrsfläche an der Gesamtfläche im Jahr 2020 in %,
09188000,Starnberg,14.97,fl_suv,Anteil der Siedlungs- und Verkehrsfläche an der Gesamtfläche im Jahr 2020 in %,
09189000,Traunstein,8.81,fl_suv,Anteil der Siedlungs- und Verkehrsfläche an der Gesamtfläche im Jahr 2020 in %,
09190000,Weilheim-Schongau,9.63,fl_suv,Anteil der Siedlungs- und Verkehrsfläche an der Gesamtfläche im Jahr 2020 in %,
09261000,Landshut,34.09,fl_suv,Anteil der Siedlungs- und Verkehrsfläche an der Gesamtfläche im Jahr 2020 in %,
09262000,Passau,32.72,fl_suv,Anteil der Siedlungs- und Verkehrsfläche an der Gesamtfläche im Jahr 2020 in %,
09263000,Straubing,30.39,fl_suv,Anteil der Siedlungs- und Verkehrsfläche an der Gesamtfläche im Jahr 2020 in %,
09271000,Deggendorf,12.53,fl_suv,Anteil der Siedlungs- und Verkehrsfläche an der Gesamtfläche im Jahr 2020 in %,
09272000,Freyung-Grafenau,9.57,fl_suv,Anteil der Siedlungs- und Verkehrsfläche an der Gesamtfläche im Jahr 2020 in %,
09273000,Kelheim,10.83,fl_suv,Anteil der Siedlungs- und Verkehrsfläche an der Gesamtfläche im Jahr 2020 in %,
09274000,Landshut,11.56,fl_suv,Anteil der Siedlungs- und Verkehrsfläche an der Gesamtfläche im Jahr 2020 in %,
09275000,Passau,13.32,fl_suv,Anteil der Siedlungs- und Verkehrsfläche an der Gesamtfläche im Jahr 2020 in %,
09276000,Regen,8.78,fl_suv,Anteil der Siedlungs- und Verkehrsfläche an der Gesamtfläche im Jahr 2020 in %,
09277000,Rottal-Inn,10.6,fl_suv,Anteil der Siedlungs- und Verkehrsfläche an der Gesamtfläche im Jahr 2020 in %,
09278000,Straubing-Bogen,10.73,fl_suv,Anteil der Siedlungs- und Verkehrsfläche an der Gesamtfläche im Jahr 2020 in %,
09279000,Dingolfing-Landau,12.14,fl_suv,Anteil der Siedlungs- und Verkehrsfläche an der Gesamtfläche im Jahr 2020 in %,
09361000,Amberg,35.83,fl_suv,Anteil der Siedlungs- und Verkehrsfläche an der Gesamtfläche im Jahr 2020 in %,
09362000,Regensburg,57.0,fl_suv,Anteil der Siedlungs- und Verkehrsfläche an der Gesamtfläche im Jahr 2020 in %,
09363000,Weiden i.d.OPf.,30.1,fl_suv,Anteil der Siedlungs- und Verkehrsfläche an der Gesamtfläche im Jahr 2020 in %,
09371000,Amberg-Sulzbach,9.82,fl_suv,Anteil der Siedlungs- und Verkehrsfläche an der Gesamtfläche im Jahr 2020 in %,
09372000,Cham,10.42,fl_suv,Anteil der Siedlungs- und Verkehrsfläche an der Gesamtfläche im Jahr 2020 in %,
09373000,Neumarkt i.d.OPf.,11.0,fl_suv,Anteil der Siedlungs- und Verkehrsfläche an der Gesamtfläche im Jahr 2020 in %,
09374000,Neustadt a.d.Waldnaab,9.25,fl_suv,Anteil der Siedlungs- und Verkehrsfläche an der Gesamtfläche im Jahr 2020 in %,
09375000,Regensburg,11.32,fl_suv,Anteil der Siedlungs- und Verkehrsfläche an der Gesamtfläche im Jahr 2020 in %,
09376000,Schwandorf,11.07,fl_suv,Anteil der Siedlungs- und Verkehrsfläche an der Gesamtfläche im Jahr 2020 in %,
09377000,Tirschenreuth,8.53,fl_suv,Anteil der Siedlungs- und Verkehrsfläche an der Gesamtfläche im Jahr 2020 in %,
09461000,Bamberg,50.38,fl_suv,Anteil der Siedlungs- und Verkehrsfläche an der Gesamtfläche im Jahr 2020 in %,
09462000,Bayreuth,42.38,fl_suv,Anteil der Siedlungs- und Verkehrsfläche an der Gesamtfläche im Jahr 2020 in %,
09463000,Coburg,41.38,fl_suv,Anteil der Siedlungs- und Verkehrsfläche an der Gesamtfläche im Jahr 2020 in %,
09464000,Hof,37.38,fl_suv,Anteil der Siedlungs- und Verkehrsfläche an der Gesamtfläche im Jahr 2020 in %,
09471000,Bamberg,10.41,fl_suv,Anteil der Siedlungs- und Verkehrsfläche an der Gesamtfläche im Jahr 2020 in %,
09472000,Bayreuth,9.54,fl_suv,Anteil der Siedlungs- und Verkehrsfläche an der Gesamtfläche im Jahr 2020 in %,
09473000,Coburg,13.58,fl_suv,Anteil der Siedlungs- und Verkehrsfläche an der Gesamtfläche im Jahr 2020 in %,
09474000,Forchheim,12.92,fl_suv,Anteil der Siedlungs- und Verkehrsfläche an der Gesamtfläche im Jahr 2020 in %,
09475000,Hof,12.18,fl_suv,Anteil der Siedlungs- und Verkehrsfläche an der Gesamtfläche im Jahr 2020 in %,
09476000,Kronach,10.01,fl_suv,Anteil der Siedlungs- und Verkehrsfläche an der Gesamtfläche im Jahr 2020 in %,
09477000,Kulmbach,11.84,fl_suv,Anteil der Siedlungs- und Verkehrsfläche an der Gesamtfläche im Jahr 2020 in %,
09478000,Lichtenfels,12.07,fl_suv,Anteil der Siedlungs- und Verkehrsfläche an der Gesamtfläche im Jahr 2020 in %,
09479000,Wunsiedel i.Fichtelgebirge,11.53,fl_suv,Anteil der Siedlungs- und Verkehrsfläche an der Gesamtfläche im Jahr 2020 in %,
09561000,Ansbach,23.73,fl_suv,Anteil der Siedlungs- und Verkehrsfläche an der Gesamtfläche im Jahr 2020 in %,
09562000,Erlangen,42.09,fl_suv,Anteil der Siedlungs- und Verkehrsfläche an der Gesamtfläche im Jahr 2020 in %,
09563000,Fürth,47.26,fl_suv,Anteil der Siedlungs- und Verkehrsfläche an der Gesamtfläche im Jahr 2020 in %,
09564000,Nürnberg,61.71,fl_suv,Anteil der Siedlungs- und Verkehrsfläche an der Gesamtfläche im Jahr 2020 in %,
09565000,Schwabach,34.73,fl_suv,Anteil der Siedlungs- und Verkehrsfläche an der Gesamtfläche im Jahr 2020 in %,
09571000,Ansbach,10.81,fl_suv,Anteil der Siedlungs- und Verkehrsfläche an der Gesamtfläche im Jahr 2020 in %,
09572000,Erlangen-Höchstadt,14.23,fl_suv,Anteil der Siedlungs- und Verkehrsfläche an der Gesamtfläche im Jahr 2020 in %,
09573000,Fürth,18.07,fl_suv,Anteil der Siedlungs- und Verkehrsfläche an der Gesamtfläche im Jahr 2020 in %,
09574000,Nürnberger Land,13.7,fl_suv,Anteil der Siedlungs- und Verkehrsfläche an der Gesamtfläche im Jahr 2020 in %,
09575000,Neustadt a.d.Aisch-Bad Windsheim,10.08,fl_suv,Anteil der Siedlungs- und Verkehrsfläche an der Gesamtfläche im Jahr 2020 in %,
09576000,Roth,12.28,fl_suv,Anteil der Siedlungs- und Verkehrsfläche an der Gesamtfläche im Jahr 2020 in %,
09577000,Weißenburg-Gunzenhausen,10.74,fl_suv,Anteil der Siedlungs- und Verkehrsfläche an der Gesamtfläche im Jahr 2020 in %,
09661000,Aschaffenburg,39.89,fl_suv,Anteil der Siedlungs- und Verkehrsfläche an der Gesamtfläche im Jahr 2020 in %,
09662000,Schweinfurt,55.41,fl_suv,Anteil der Siedlungs- und Verkehrsfläche an der Gesamtfläche im Jahr 2020 in %,
09663000,Würzburg,48.9,fl_suv,Anteil der Siedlungs- und Verkehrsfläche an der Gesamtfläche im Jahr 2020 in %,
09671000,Aschaffenburg,14.35,fl_suv,Anteil der Siedlungs- und Verkehrsfläche an der Gesamtfläche im Jahr 2020 in %,
09672000,Bad Kissingen,10.68,fl_suv,Anteil der Siedlungs- und Verkehrsfläche an der Gesamtfläche im Jahr 2020 in %,
09673000,Rhön-Grabfeld,10.05,fl_suv,Anteil der Siedlungs- und Verkehrsfläche an der Gesamtfläche im Jahr 2020 in %,
09674000,Haßberge,10.34,fl_suv,Anteil der Siedlungs- und Verkehrsfläche an der Gesamtfläche im Jahr 2020 in %,
09675000,Kitzingen,14.28,fl_suv,Anteil der Siedlungs- und Verkehrsfläche an der Gesamtfläche im Jahr 2020 in %,
09676000,Miltenberg,11.6,fl_suv,Anteil der Siedlungs- und Verkehrsfläche an der Gesamtfläche im Jahr 2020 in %,
09677000,Main-Spessart,9.51,fl_suv,Anteil der Siedlungs- und Verkehrsfläche an der Gesamtfläche im Jahr 2020 in %,
09678000,Schweinfurt,12.86,fl_suv,Anteil der Siedlungs- und Verkehrsfläche an der Gesamtfläche im Jahr 2020 in %,
09679000,Würzburg,12.73,fl_suv,Anteil der Siedlungs- und Verkehrsfläche an der Gesamtfläche im Jahr 2020 in %,
09761000,Augsburg,44.13,fl_suv,Anteil der Siedlungs- und Verkehrsfläche an der Gesamtfläche im Jahr 2020 in %,
09762000,Kaufbeuren,38.63,fl_suv,Anteil der Siedlungs- und Verkehrsfläche an der Gesamtfläche im Jahr 2020 in %,
09763000,Kempten (Allgäu),32.65,fl_suv,Anteil der Siedlungs- und Verkehrsfläche an der Gesamtfläche im Jahr 2020 in %,
09764000,Memmingen,26.56,fl_suv,Anteil der Siedlungs- und Verkehrsfläche an der Gesamtfläche im Jahr 2020 in %,
09771000,Aichach-Friedberg,12.32,fl_suv,Anteil der Siedlungs- und Verkehrsfläche an der Gesamtfläche im Jahr 2020 in %,
09772000,Augsburg,15.93,fl_suv,Anteil der Siedlungs- und Verkehrsfläche an der Gesamtfläche im Jahr 2020 in %,
09773000,Dillingen a.d.Donau,12.07,fl_suv,Anteil der Siedlungs- und Verkehrsfläche an der Gesamtfläche im Jahr 2020 in %,
09774000,Günzburg,14.72,fl_suv,Anteil der Siedlungs- und Verkehrsfläche an der Gesamtfläche im Jahr 2020 in %,
09775000,Neu-Ulm,18.69,fl_suv,Anteil der Siedlungs- und Verkehrsfläche an der Gesamtfläche im Jahr 2020 in %,
09776000,Lindau (Bodensee),13.95,fl_suv,Anteil der Siedlungs- und Verkehrsfläche an der Gesamtfläche im Jahr 2020 in %,
09777000,Ostallgäu,8.75,fl_suv,Anteil der Siedlungs- und Verkehrsfläche an der Gesamtfläche im Jahr 2020 in %,
09778000,Unterallgäu,11.48,fl_suv,Anteil der Siedlungs- und Verkehrsfläche an der Gesamtfläche im Jahr 2020 in %,
09779000,Donau-Ries,11.35,fl_suv,Anteil der Siedlungs- und Verkehrsfläche an der Gesamtfläche im Jahr 2020 in %,
09780000,Oberallgäu,6.85,fl_suv,Anteil der Siedlungs- und Verkehrsfläche an der Gesamtfläche im Jahr 2020 in %,
10041000,Regionalverband Saarbrücken,32.31,fl_suv,Anteil der Siedlungs- und Verkehrsfläche an der Gesamtfläche im Jahr 2020 in %,
10042000,Merzig-Wadern,14.52,fl_suv,Anteil der Siedlungs- und Verkehrsfläche an der Gesamtfläche im Jahr 2020 in %,
10043000,Neunkirchen,27.43,fl_suv,Anteil der Siedlungs- und Verkehrsfläche an der Gesamtfläche im Jahr 2020 in %,
10044000,Saarlouis,24.37,fl_suv,Anteil der Siedlungs- und Verkehrsfläche an der Gesamtfläche im Jahr 2020 in %,
10045000,Saarpfalz-Kreis,20.2,fl_suv,Anteil der Siedlungs- und Verkehrsfläche an der Gesamtfläche im Jahr 2020 in %,
10046000,St. Wendel,16.39,fl_suv,Anteil der Siedlungs- und Verkehrsfläche an der Gesamtfläche im Jahr 2020 in %,
11000000,"Berlin, Stadt",70.6,fl_suv,Anteil der Siedlungs- und Verkehrsfläche an der Gesamtfläche im Jahr 2020 in %,
12051000,"Brandenburg an der Havel, Stadt",21.7,fl_suv,Anteil der Siedlungs- und Verkehrsfläche an der Gesamtfläche im Jahr 2020 in %,
12052000,"Cottbus, Stadt",30.84,fl_suv,Anteil der Siedlungs- und Verkehrsfläche an der Gesamtfläche im Jahr 2020 in %,
12053000,"Frankfurt (Oder), Stadt",23.05,fl_suv,Anteil der Siedlungs- und Verkehrsfläche an der Gesamtfläche im Jahr 2020 in %,
12054000,"Potsdam, Stadt",31.62,fl_suv,Anteil der Siedlungs- und Verkehrsfläche an der Gesamtfläche im Jahr 2020 in %,
12060000,Barnim,11.17,fl_suv,Anteil der Siedlungs- und Verkehrsfläche an der Gesamtfläche im Jahr 2020 in %,
12061000,Dahme-Spreewald,9.7,fl_suv,Anteil der Siedlungs- und Verkehrsfläche an der Gesamtfläche im Jahr 2020 in %,
12062000,Elbe-Elster,8.49,fl_suv,Anteil der Siedlungs- und Verkehrsfläche an der Gesamtfläche im Jahr 2020 in %,
12063000,Havelland,10.85,fl_suv,Anteil der Siedlungs- und Verkehrsfläche an der Gesamtfläche im Jahr 2020 in %,
12064000,Märkisch-Oderland,11.19,fl_suv,Anteil der Siedlungs- und Verkehrsfläche an der Gesamtfläche im Jahr 2020 in %,
12065000,Oberhavel,10.48,fl_suv,Anteil der Siedlungs- und Verkehrsfläche an der Gesamtfläche im Jahr 2020 in %,
12066000,Oberspreewald-Lausitz,12.22,fl_suv,Anteil der Siedlungs- und Verkehrsfläche an der Gesamtfläche im Jahr 2020 in %,
12067000,Oder-Spree,10.06,fl_suv,Anteil der Siedlungs- und Verkehrsfläche an der Gesamtfläche im Jahr 2020 in %,
12068000,Ostprignitz-Ruppin,6.73,fl_suv,Anteil der Siedlungs- und Verkehrsfläche an der Gesamtfläche im Jahr 2020 in %,
12069000,Potsdam-Mittelmark,9.34,fl_suv,Anteil der Siedlungs- und Verkehrsfläche an der Gesamtfläche im Jahr 2020 in %,
12070000,Prignitz,7.42,fl_suv,Anteil der Siedlungs- und Verkehrsfläche an der Gesamtfläche im Jahr 2020 in %,
12071000,Spree-Neiße,10.32,fl_suv,Anteil der Siedlungs- und Verkehrsfläche an der Gesamtfläche im Jahr 2020 in %,
12072000,Teltow-Fläming,10.09,fl_suv,Anteil der Siedlungs- und Verkehrsfläche an der Gesamtfläche im Jahr 2020 in %,
12073000,Uckermark,6.61,fl_suv,Anteil der Siedlungs- und Verkehrsfläche an der Gesamtfläche im Jahr 2020 in %,
13003000,Rostock,40.81,fl_suv,Anteil der Siedlungs- und Verkehrsfläche an der Gesamtfläche im Jahr 2020 in %,
13004000,Schwerin,32.03,fl_suv,Anteil der Siedlungs- und Verkehrsfläche an der Gesamtfläche im Jahr 2020 in %,
13071000,Mecklenburgische Seenplatte,6.81,fl_suv,Anteil der Siedlungs- und Verkehrsfläche an der Gesamtfläche im Jahr 2020 in %,
13072000,Landkreis Rostock,8.92,fl_suv,Anteil der Siedlungs- und Verkehrsfläche an der Gesamtfläche im Jahr 2020 in %,
13073000,Vorpommern-Rügen,8.72,fl_suv,Anteil der Siedlungs- und Verkehrsfläche an der Gesamtfläche im Jahr 2020 in %,
13074000,Nordwestmecklenburg,9.05,fl_suv,Anteil der Siedlungs- und Verkehrsfläche an der Gesamtfläche im Jahr 2020 in %,
13075000,Vorpommern-Greifswald,8.02,fl_suv,Anteil der Siedlungs- und Verkehrsfläche an der Gesamtfläche im Jahr 2020 in %,
13076000,Ludwigslust-Parchim,7.64,fl_suv,Anteil der Siedlungs- und Verkehrsfläche an der Gesamtfläche im Jahr 2020 in %,
14511000,"Chemnitz, Stadt",45.33,fl_suv,Anteil der Siedlungs- und Verkehrsfläche an der Gesamtfläche im Jahr 2020 in %,
14521000,Erzgebirgskreis,12.55,fl_suv,Anteil der Siedlungs- und Verkehrsfläche an der Gesamtfläche im Jahr 2020 in %,
14522000,Mittelsachsen,11.47,fl_suv,Anteil der Siedlungs- und Verkehrsfläche an der Gesamtfläche im Jahr 2020 in %,
14523000,Vogtlandkreis,11.59,fl_suv,Anteil der Siedlungs- und Verkehrsfläche an der Gesamtfläche im Jahr 2020 in %,
14524000,Zwickau,19.08,fl_suv,Anteil der Siedlungs- und Verkehrsfläche an der Gesamtfläche im Jahr 2020 in %,
14612000,"Dresden, Stadt",44.01,fl_suv,Anteil der Siedlungs- und Verkehrsfläche an der Gesamtfläche im Jahr 2020 in %,
14625000,Bautzen,10.87,fl_suv,Anteil der Siedlungs- und Verkehrsfläche an der Gesamtfläche im Jahr 2020 in %,
14626000,Görlitz,12.73,fl_suv,Anteil der Siedlungs- und Verkehrsfläche an der Gesamtfläche im Jahr 2020 in %,
14627000,Meißen,12.32,fl_suv,Anteil der Siedlungs- und Verkehrsfläche an der Gesamtfläche im Jahr 2020 in %,
14628000,Sächsische Schweiz-Osterzgebirge,9.72,fl_suv,Anteil der Siedlungs- und Verkehrsfläche an der Gesamtfläche im Jahr 2020 in %,
14713000,"Leipzig, Stadt",55.29,fl_suv,Anteil der Siedlungs- und Verkehrsfläche an der Gesamtfläche im Jahr 2020 in %,
14729000,Leipzig,13.87,fl_suv,Anteil der Siedlungs- und Verkehrsfläche an der Gesamtfläche im Jahr 2020 in %,
14730000,Nordsachsen,11.46,fl_suv,Anteil der Siedlungs- und Verkehrsfläche an der Gesamtfläche im Jahr 2020 in %,
15001000,"Dessau-Roßlau, Stadt",20.46,fl_suv,Anteil der Siedlungs- und Verkehrsfläche an der Gesamtfläche im Jahr 2020 in %,
15002000,"Halle (Saale), Stadt",52.92,fl_suv,Anteil der Siedlungs- und Verkehrsfläche an der Gesamtfläche im Jahr 2020 in %,
15003000,"Magdeburg, Landeshauptstadt",47.37,fl_suv,Anteil der Siedlungs- und Verkehrsfläche an der Gesamtfläche im Jahr 2020 in %,
15081000,Altmarkkreis Salzwedel,7.15,fl_suv,Anteil der Siedlungs- und Verkehrsfläche an der Gesamtfläche im Jahr 2020 in %,
15082000,Anhalt-Bitterfeld,12.4,fl_suv,Anteil der Siedlungs- und Verkehrsfläche an der Gesamtfläche im Jahr 2020 in %,
15083000,Börde,9.87,fl_suv,Anteil der Siedlungs- und Verkehrsfläche an der Gesamtfläche im Jahr 2020 in %,
15084000,Burgenlandkreis,13.27,fl_suv,Anteil der Siedlungs- und Verkehrsfläche an der Gesamtfläche im Jahr 2020 in %,
15085000,Harz,9.94,fl_suv,Anteil der Siedlungs- und Verkehrsfläche an der Gesamtfläche im Jahr 2020 in %,
15086000,Jerichower Land,8.79,fl_suv,Anteil der Siedlungs- und Verkehrsfläche an der Gesamtfläche im Jahr 2020 in %,
15087000,Mansfeld-Südharz,11.68,fl_suv,Anteil der Siedlungs- und Verkehrsfläche an der Gesamtfläche im Jahr 2020 in %,
15088000,Saalekreis,15.1,fl_suv,Anteil der Siedlungs- und Verkehrsfläche an der Gesamtfläche im Jahr 2020 in %,
15089000,Salzlandkreis,13.63,fl_suv,Anteil der Siedlungs- und Verkehrsfläche an der Gesamtfläche im Jahr 2020 in %,
15090000,Stendal,7.72,fl_suv,Anteil der Siedlungs- und Verkehrsfläche an der Gesamtfläche im Jahr 2020 in %,
15091000,Wittenberg,8.96,fl_suv,Anteil der Siedlungs- und Verkehrsfläche an der Gesamtfläche im Jahr 2020 in %,
16051000,"Erfurt, Stadt",31.65,fl_suv,Anteil der Siedlungs- und Verkehrsfläche an der Gesamtfläche im Jahr 2020 in %,
16052000,"Gera, Stadt",29.02,fl_suv,Anteil der Siedlungs- und Verkehrsfläche an der Gesamtfläche im Jahr 2020 in %,
16053000,"Jena, Stadt",31.46,fl_suv,Anteil der Siedlungs- und Verkehrsfläche an der Gesamtfläche im Jahr 2020 in %,
16054000,"Suhl, Stadt",19.27,fl_suv,Anteil der Siedlungs- und Verkehrsfläche an der Gesamtfläche im Jahr 2020 in %,
16055000,"Weimar, Stadt",34.04,fl_suv,Anteil der Siedlungs- und Verkehrsfläche an der Gesamtfläche im Jahr 2020 in %,
16056000,,,fl_suv,Anteil der Siedlungs- und Verkehrsfläche an der Gesamtfläche im Jahr 2020 in %,
16061000,Eichsfeld,10.77,fl_suv,Anteil der Siedlungs- und Verkehrsfläche an der Gesamtfläche im Jahr 2020 in %,
16062000,Nordhausen,12.0,fl_suv,Anteil der Siedlungs- und Verkehrsfläche an der Gesamtfläche im Jahr 2020 in %,
16063000,Wartburgkreis,11.7,fl_suv,Anteil der Siedlungs- und Verkehrsfläche an der Gesamtfläche im Jahr 2020 in %,
16064000,Unstrut-Hainich-Kreis,10.05,fl_suv,Anteil der Siedlungs- und Verkehrsfläche an der Gesamtfläche im Jahr 2020 in %,
16065000,Kyffhäuserkreis,9.54,fl_suv,Anteil der Siedlungs- und Verkehrsfläche an der Gesamtfläche im Jahr 2020 in %,
16066000,Schmalkalden-Meiningen,10.49,fl_suv,Anteil der Siedlungs- und Verkehrsfläche an der Gesamtfläche im Jahr 2020 in %,
16067000,Gotha,12.75,fl_suv,Anteil der Siedlungs- und Verkehrsfläche an der Gesamtfläche im Jahr 2020 in %,
16068000,Sömmerda,9.78,fl_suv,Anteil der Siedlungs- und Verkehrsfläche an der Gesamtfläche im Jahr 2020 in %,
16069000,Hildburghausen,8.99,fl_suv,Anteil der Siedlungs- und Verkehrsfläche an der Gesamtfläche im Jahr 2020 in %,
16070000,Ilm-Kreis,12.43,fl_suv,Anteil der Siedlungs- und Verkehrsfläche an der Gesamtfläche im Jahr 2020 in %,
16071000,Weimarer Land,11.99,fl_suv,Anteil der Siedlungs- und Verkehrsfläche an der Gesamtfläche im Jahr 2020 in %,
16072000,Sonneberg,10.67,fl_suv,Anteil der Siedlungs- und Verkehrsfläche an der Gesamtfläche im Jahr 2020 in %,
16073000,Saalfeld-Rudolstadt,10.29,fl_suv,Anteil der Siedlungs- und Verkehrsfläche an der Gesamtfläche im Jahr 2020 in %,
16074000,Saale-Holzland-Kreis,10.9,fl_suv,Anteil der Siedlungs- und Verkehrsfläche an der Gesamtfläche im Jahr 2020 in %,
16075000,Saale-Orla-Kreis,8.92,fl_suv,Anteil der Siedlungs- und Verkehrsfläche an der Gesamtfläche im Jahr 2020 in %,
16076000,Greiz,12.8,fl_suv,Anteil der Siedlungs- und Verkehrsfläche an der Gesamtfläche im Jahr 2020 in %,
16077000,Altenburger Land,14.4,fl_suv,Anteil der Siedlungs- und Verkehrsfläche an der Gesamtfläche im Jahr 2020 in %,
